run_id,op_index,op_tag,ticks_us
-1,0,CONV_2D,30014
-1,1,DEPTHWISE_CONV_2D,1298
-1,2,CONV_2D,15031
-1,3,DEPTHWISE_CONV_2D,1104
-1,4,CONV_2D,15033
-1,5,DEPTHWISE_CONV_2D,1105
-1,6,CONV_2D,15027
-1,7,DEPTHWISE_CONV_2D,1104
-1,8,CONV_2D,15033
-1,9,DEPTHWISE_CONV_2D,1105
-1,10,CONV_2D,15033
-1,11,MEAN,4342
-1,12,FULLY_CONNECTED,127
-1,13,CONV_2D,29764
-1,14,DEPTHWISE_CONV_2D,1063
-1,15,CONV_2D,14955
-1,16,DEPTHWISE_CONV_2D,1063
-1,17,CONV_2D,14950
-1,18,DEPTHWISE_CONV_2D,1063
-1,19,CONV_2D,14956
-1,20,DEPTHWISE_CONV_2D,1069
-1,21,CONV_2D,14945
-1,22,DEPTHWISE_CONV_2D,1069
-1,23,CONV_2D,14956
-1,24,MEAN,4256
-1,25,FULLY_CONNECTED,21
-1,26,CONV_2D,29765
-1,27,DEPTHWISE_CONV_2D,1063
-1,28,CONV_2D,14956
-1,29,DEPTHWISE_CONV_2D,1064
-1,30,CONV_2D,14956
-1,31,DEPTHWISE_CONV_2D,1069
-1,32,CONV_2D,14950
-1,33,DEPTHWISE_CONV_2D,1064
-1,34,CONV_2D,14956
-1,35,DEPTHWISE_CONV_2D,1063
-1,36,CONV_2D,14950
-1,37,MEAN,4260
-1,38,FULLY_CONNECTED,21
-1,39,CONV_2D,29765
-1,40,DEPTHWISE_CONV_2D,1068
-1,41,CONV_2D,14949
-1,42,DEPTHWISE_CONV_2D,1063
-1,43,CONV_2D,14955
-1,44,DEPTHWISE_CONV_2D,1064
-1,45,CONV_2D,14955
-1,46,DEPTHWISE_CONV_2D,1064
-1,47,CONV_2D,14950
-1,48,DEPTHWISE_CONV_2D,1064
-1,49,CONV_2D,14956
-1,50,MEAN,4260
-1,51,FULLY_CONNECTED,22
-1,52,CONV_2D,29765
-1,53,DEPTHWISE_CONV_2D,1063
-1,54,CONV_2D,14955
-1,55,DEPTHWISE_CONV_2D,1063
-1,56,CONV_2D,14950
-1,57,DEPTHWISE_CONV_2D,1063
-1,58,CONV_2D,14956
-1,59,DEPTHWISE_CONV_2D,1064
-1,60,CONV_2D,14956
-1,61,DEPTHWISE_CONV_2D,1063
-1,62,CONV_2D,14949
-1,63,MEAN,4265
-1,64,FULLY_CONNECTED,22
0,0,CONV_2D,29765
0,1,DEPTHWISE_CONV_2D,1064
0,2,CONV_2D,14950
0,3,DEPTHWISE_CONV_2D,1064
0,4,CONV_2D,14955
0,5,DEPTHWISE_CONV_2D,1063
0,6,CONV_2D,14950
0,7,DEPTHWISE_CONV_2D,1069
0,8,CONV_2D,14949
0,9,DEPTHWISE_CONV_2D,1068
0,10,CONV_2D,14955
0,11,MEAN,4254
0,12,FULLY_CONNECTED,21
1,0,CONV_2D,29765
1,1,DEPTHWISE_CONV_2D,1063
1,2,CONV_2D,14955
1,3,DEPTHWISE_CONV_2D,1063
1,4,CONV_2D,14950
1,5,DEPTHWISE_CONV_2D,1063
1,6,CONV_2D,14956
1,7,DEPTHWISE_CONV_2D,1069
1,8,CONV_2D,14950
1,9,DEPTHWISE_CONV_2D,1070
1,10,CONV_2D,14950
1,11,MEAN,4254
1,12,FULLY_CONNECTED,22
2,0,CONV_2D,29765
2,1,DEPTHWISE_CONV_2D,1070
2,2,CONV_2D,14950
2,3,DEPTHWISE_CONV_2D,1069
2,4,CONV_2D,14956
2,5,DEPTHWISE_CONV_2D,1064
2,6,CONV_2D,14950
2,7,DEPTHWISE_CONV_2D,1064
2,8,CONV_2D,14956
2,9,DEPTHWISE_CONV_2D,1063
2,10,CONV_2D,14950
2,11,MEAN,4265
2,12,FULLY_CONNECTED,21
3,0,CONV_2D,29760
3,1,DEPTHWISE_CONV_2D,1068
3,2,CONV_2D,14949
3,3,DEPTHWISE_CONV_2D,1070
3,4,CONV_2D,14950
3,5,DEPTHWISE_CONV_2D,1063
3,6,CONV_2D,14955
3,7,DEPTHWISE_CONV_2D,1063
3,8,CONV_2D,14950
3,9,DEPTHWISE_CONV_2D,1063
3,10,CONV_2D,14956
3,11,MEAN,4260
3,12,FULLY_CONNECTED,22
4,0,CONV_2D,29765
4,1,DEPTHWISE_CONV_2D,1064
4,2,CONV_2D,14955
4,3,DEPTHWISE_CONV_2D,1063
4,4,CONV_2D,14949
4,5,DEPTHWISE_CONV_2D,1069
4,6,CONV_2D,14950
4,7,DEPTHWISE_CONV_2D,1063
4,8,CONV_2D,14955
4,9,DEPTHWISE_CONV_2D,1063
4,10,CONV_2D,14950
4,11,MEAN,4266
4,12,FULLY_CONNECTED,22
5,0,CONV_2D,29765
5,1,DEPTHWISE_CONV_2D,1063
5,2,CONV_2D,14950
5,3,DEPTHWISE_CONV_2D,1063
5,4,CONV_2D,14955
5,5,DEPTHWISE_CONV_2D,1063
5,6,CONV_2D,14950
5,7,DEPTHWISE_CONV_2D,1069
5,8,CONV_2D,14950
5,9,DEPTHWISE_CONV_2D,1068
5,10,CONV_2D,14955
5,11,MEAN,4254
5,12,FULLY_CONNECTED,21
6,0,CONV_2D,29765
6,1,DEPTHWISE_CONV_2D,1063
6,2,CONV_2D,14956
6,3,DEPTHWISE_CONV_2D,1063
6,4,CONV_2D,14950
6,5,DEPTHWISE_CONV_2D,1069
6,6,CONV_2D,14956
6,7,DEPTHWISE_CONV_2D,1064
6,8,CONV_2D,14950
6,9,DEPTHWISE_CONV_2D,1070
6,10,CONV_2D,14950
6,11,MEAN,4261
6,12,FULLY_CONNECTED,21
7,0,CONV_2D,29765
7,1,DEPTHWISE_CONV_2D,1069
7,2,CONV_2D,14950
7,3,DEPTHWISE_CONV_2D,1064
7,4,CONV_2D,14956
7,5,DEPTHWISE_CONV_2D,1063
7,6,CONV_2D,14950
7,7,DEPTHWISE_CONV_2D,1063
7,8,CONV_2D,14955
7,9,DEPTHWISE_CONV_2D,1063
7,10,CONV_2D,14955
7,11,MEAN,4259
7,12,FULLY_CONNECTED,22
8,0,CONV_2D,29765
8,1,DEPTHWISE_CONV_2D,1064
8,2,CONV_2D,14956
8,3,DEPTHWISE_CONV_2D,1064
8,4,CONV_2D,14950
8,5,DEPTHWISE_CONV_2D,1063
8,6,CONV_2D,14955
8,7,DEPTHWISE_CONV_2D,1063
8,8,CONV_2D,14950
8,9,DEPTHWISE_CONV_2D,1063
8,10,CONV_2D,14956
8,11,MEAN,4260
8,12,FULLY_CONNECTED,22
9,0,CONV_2D,29765
9,1,DEPTHWISE_CONV_2D,1064
9,2,CONV_2D,14956
9,3,DEPTHWISE_CONV_2D,1064
9,4,CONV_2D,14955
9,5,DEPTHWISE_CONV_2D,1063
9,6,CONV_2D,14950
9,7,DEPTHWISE_CONV_2D,1063
9,8,CONV_2D,14956
9,9,DEPTHWISE_CONV_2D,1069
9,10,CONV_2D,14945
9,11,MEAN,4265
9,12,FULLY_CONNECTED,22
10,0,CONV_2D,29765
10,1,DEPTHWISE_CONV_2D,1064
10,2,CONV_2D,14950
10,3,DEPTHWISE_CONV_2D,1063
10,4,CONV_2D,14955
10,5,DEPTHWISE_CONV_2D,1063
10,6,CONV_2D,14955
10,7,DEPTHWISE_CONV_2D,1069
10,8,CONV_2D,14950
10,9,DEPTHWISE_CONV_2D,1063
10,10,CONV_2D,14955
10,11,MEAN,4254
10,12,FULLY_CONNECTED,21
11,0,CONV_2D,29765
11,1,DEPTHWISE_CONV_2D,1063
11,2,CONV_2D,14956
11,3,DEPTHWISE_CONV_2D,1069
11,4,CONV_2D,14950
11,5,DEPTHWISE_CONV_2D,1063
11,6,CONV_2D,14956
11,7,DEPTHWISE_CONV_2D,1064
11,8,CONV_2D,14956
11,9,DEPTHWISE_CONV_2D,1063
11,10,CONV_2D,14950
11,11,MEAN,4265
11,12,FULLY_CONNECTED,21
12,0,CONV_2D,29760
12,1,DEPTHWISE_CONV_2D,1069
12,2,CONV_2D,14950
12,3,DEPTHWISE_CONV_2D,1063
12,4,CONV_2D,14955
12,5,DEPTHWISE_CONV_2D,1063
12,6,CONV_2D,14950
12,7,DEPTHWISE_CONV_2D,1064
12,8,CONV_2D,14956
12,9,DEPTHWISE_CONV_2D,1063
12,10,CONV_2D,14955
12,11,MEAN,4259
12,12,FULLY_CONNECTED,21
13,0,CONV_2D,29765
13,1,DEPTHWISE_CONV_2D,1063
13,2,CONV_2D,14956
13,3,DEPTHWISE_CONV_2D,1063
13,4,CONV_2D,14950
13,5,DEPTHWISE_CONV_2D,1063
13,6,CONV_2D,14955
13,7,DEPTHWISE_CONV_2D,1063
13,8,CONV_2D,14950
13,9,DEPTHWISE_CONV_2D,1069
13,10,CONV_2D,14950
13,11,MEAN,4259
13,12,FULLY_CONNECTED,21
14,0,CONV_2D,29765
14,1,DEPTHWISE_CONV_2D,1069
14,2,CONV_2D,14949
14,3,DEPTHWISE_CONV_2D,1063
14,4,CONV_2D,14956
14,5,DEPTHWISE_CONV_2D,1064
14,6,CONV_2D,14950
14,7,DEPTHWISE_CONV_2D,1064
14,8,CONV_2D,14955
14,9,DEPTHWISE_CONV_2D,1069
14,10,CONV_2D,14950
14,11,MEAN,4261
14,12,FULLY_CONNECTED,21
15,0,CONV_2D,29764
15,1,DEPTHWISE_CONV_2D,1063
15,2,CONV_2D,14949
15,3,DEPTHWISE_CONV_2D,1069
15,4,CONV_2D,14949
15,5,DEPTHWISE_CONV_2D,1068
15,6,CONV_2D,14955
15,7,DEPTHWISE_CONV_2D,1063
15,8,CONV_2D,14950
15,9,DEPTHWISE_CONV_2D,1063
15,10,CONV_2D,14956
15,11,MEAN,4255
15,12,FULLY_CONNECTED,22
16,0,CONV_2D,29765
16,1,DEPTHWISE_CONV_2D,1069
16,2,CONV_2D,14951
16,3,DEPTHWISE_CONV_2D,1069
16,4,CONV_2D,14950
16,5,DEPTHWISE_CONV_2D,1070
16,6,CONV_2D,14950
16,7,DEPTHWISE_CONV_2D,1064
16,8,CONV_2D,14956
16,9,DEPTHWISE_CONV_2D,1063
16,10,CONV_2D,14950
16,11,MEAN,4265
16,12,FULLY_CONNECTED,21
17,0,CONV_2D,29765
17,1,DEPTHWISE_CONV_2D,1063
17,2,CONV_2D,14950
17,3,DEPTHWISE_CONV_2D,1064
17,4,CONV_2D,14956
17,5,DEPTHWISE_CONV_2D,1063
17,6,CONV_2D,14950
17,7,DEPTHWISE_CONV_2D,1070
17,8,CONV_2D,14950
17,9,DEPTHWISE_CONV_2D,1064
17,10,CONV_2D,14955
17,11,MEAN,4260
17,12,FULLY_CONNECTED,22
18,0,CONV_2D,29765
18,1,DEPTHWISE_CONV_2D,1063
18,2,CONV_2D,14955
18,3,DEPTHWISE_CONV_2D,1063
18,4,CONV_2D,14950
18,5,DEPTHWISE_CONV_2D,1064
18,6,CONV_2D,14956
18,7,DEPTHWISE_CONV_2D,1063
18,8,CONV_2D,14949
18,9,DEPTHWISE_CONV_2D,1070
18,10,CONV_2D,14950
18,11,MEAN,4265
18,12,FULLY_CONNECTED,21
19,0,CONV_2D,29760
19,1,DEPTHWISE_CONV_2D,1069
19,2,CONV_2D,14950
19,3,DEPTHWISE_CONV_2D,1063
19,4,CONV_2D,14955
19,5,DEPTHWISE_CONV_2D,1063
19,6,CONV_2D,14950
19,7,DEPTHWISE_CONV_2D,1069
19,8,CONV_2D,14955
19,9,DEPTHWISE_CONV_2D,1064
19,10,CONV_2D,14949
19,11,MEAN,4260
19,12,FULLY_CONNECTED,22
20,0,CONV_2D,29765
20,1,DEPTHWISE_CONV_2D,1064
20,2,CONV_2D,14956
20,3,DEPTHWISE_CONV_2D,1069
20,4,CONV_2D,14950
20,5,DEPTHWISE_CONV_2D,1063
20,6,CONV_2D,14956
20,7,DEPTHWISE_CONV_2D,1063
20,8,CONV_2D,14950
20,9,DEPTHWISE_CONV_2D,1063
20,10,CONV_2D,14955
20,11,MEAN,4254
20,12,FULLY_CONNECTED,21
21,0,CONV_2D,29765
21,1,DEPTHWISE_CONV_2D,1069
21,2,CONV_2D,14955
21,3,DEPTHWISE_CONV_2D,1064
21,4,CONV_2D,14955
21,5,DEPTHWISE_CONV_2D,1064
21,6,CONV_2D,14950
21,7,DEPTHWISE_CONV_2D,1064
21,8,CONV_2D,14956
21,9,DEPTHWISE_CONV_2D,1063
21,10,CONV_2D,14949
21,11,MEAN,4265
21,12,FULLY_CONNECTED,22
22,0,CONV_2D,29765
22,1,DEPTHWISE_CONV_2D,1064
22,2,CONV_2D,14950
22,3,DEPTHWISE_CONV_2D,1064
22,4,CONV_2D,14955
22,5,DEPTHWISE_CONV_2D,1064
22,6,CONV_2D,14955
22,7,DEPTHWISE_CONV_2D,1063
22,8,CONV_2D,14950
22,9,DEPTHWISE_CONV_2D,1063
22,10,CONV_2D,14956
22,11,MEAN,4260
22,12,FULLY_CONNECTED,21
23,0,CONV_2D,29765
23,1,DEPTHWISE_CONV_2D,1064
23,2,CONV_2D,14956
23,3,DEPTHWISE_CONV_2D,1063
23,4,CONV_2D,14950
23,5,DEPTHWISE_CONV_2D,1063
23,6,CONV_2D,14955
23,7,DEPTHWISE_CONV_2D,1063
23,8,CONV_2D,14955
23,9,DEPTHWISE_CONV_2D,1068
23,10,CONV_2D,14950
23,11,MEAN,4260
23,12,FULLY_CONNECTED,21
24,0,CONV_2D,29765
24,1,DEPTHWISE_CONV_2D,1063
24,2,CONV_2D,14950
24,3,DEPTHWISE_CONV_2D,1063
24,4,CONV_2D,14956
24,5,DEPTHWISE_CONV_2D,1069
24,6,CONV_2D,14950
24,7,DEPTHWISE_CONV_2D,1063
24,8,CONV_2D,14956
24,9,DEPTHWISE_CONV_2D,1064
24,10,CONV_2D,14956
24,11,MEAN,4254
24,12,FULLY_CONNECTED,21
25,0,CONV_2D,29765
25,1,DEPTHWISE_CONV_2D,1063
25,2,CONV_2D,14955
25,3,DEPTHWISE_CONV_2D,1068
25,4,CONV_2D,14950
25,5,DEPTHWISE_CONV_2D,1063
25,6,CONV_2D,14955
25,7,DEPTHWISE_CONV_2D,1063
25,8,CONV_2D,14950
25,9,DEPTHWISE_CONV_2D,1063
25,10,CONV_2D,14956
25,11,MEAN,4260
25,12,FULLY_CONNECTED,22
26,0,CONV_2D,29765
26,1,DEPTHWISE_CONV_2D,1070
26,2,CONV_2D,14951
26,3,DEPTHWISE_CONV_2D,1064
26,4,CONV_2D,14956
26,5,DEPTHWISE_CONV_2D,1063
26,6,CONV_2D,14949
26,7,DEPTHWISE_CONV_2D,1063
26,8,CONV_2D,14955
26,9,DEPTHWISE_CONV_2D,1064
26,10,CONV_2D,14951
26,11,MEAN,4265
26,12,FULLY_CONNECTED,22
27,0,CONV_2D,29765
27,1,DEPTHWISE_CONV_2D,1064
27,2,CONV_2D,14950
27,3,DEPTHWISE_CONV_2D,1070
27,4,CONV_2D,14950
27,5,DEPTHWISE_CONV_2D,1064
27,6,CONV_2D,14955
27,7,DEPTHWISE_CONV_2D,1063
27,8,CONV_2D,14950
27,9,DEPTHWISE_CONV_2D,1063
27,10,CONV_2D,14956
27,11,MEAN,4260
27,12,FULLY_CONNECTED,22
28,0,CONV_2D,29765
28,1,DEPTHWISE_CONV_2D,1064
28,2,CONV_2D,14956
28,3,DEPTHWISE_CONV_2D,1063
28,4,CONV_2D,14949
28,5,DEPTHWISE_CONV_2D,1069
28,6,CONV_2D,14950
28,7,DEPTHWISE_CONV_2D,1069
28,8,CONV_2D,14957
28,9,DEPTHWISE_CONV_2D,1063
28,10,CONV_2D,14950
28,11,MEAN,4260
28,12,FULLY_CONNECTED,22
29,0,CONV_2D,29765
29,1,DEPTHWISE_CONV_2D,1064
29,2,CONV_2D,14950
29,3,DEPTHWISE_CONV_2D,1069
29,4,CONV_2D,14951
29,5,DEPTHWISE_CONV_2D,1069
29,6,CONV_2D,14950
29,7,DEPTHWISE_CONV_2D,1070
29,8,CONV_2D,14950
29,9,DEPTHWISE_CONV_2D,1063
29,10,CONV_2D,14956
29,11,MEAN,4255
29,12,FULLY_CONNECTED,22
30,0,CONV_2D,29765
30,1,DEPTHWISE_CONV_2D,1069
30,2,CONV_2D,14956
30,3,DEPTHWISE_CONV_2D,1064
30,4,CONV_2D,14950
30,5,DEPTHWISE_CONV_2D,1063
30,6,CONV_2D,14955
30,7,DEPTHWISE_CONV_2D,1063
30,8,CONV_2D,14950
30,9,DEPTHWISE_CONV_2D,1069
30,10,CONV_2D,14950
30,11,MEAN,4259
30,12,FULLY_CONNECTED,21
31,0,CONV_2D,29765
31,1,DEPTHWISE_CONV_2D,1069
31,2,CONV_2D,14949
31,3,DEPTHWISE_CONV_2D,1063
31,4,CONV_2D,14955
31,5,DEPTHWISE_CONV_2D,1064
31,6,CONV_2D,14950
31,7,DEPTHWISE_CONV_2D,1064
31,8,CONV_2D,14956
31,9,DEPTHWISE_CONV_2D,1063
31,10,CONV_2D,14949
31,11,MEAN,4265
31,12,FULLY_CONNECTED,21
32,0,CONV_2D,29765
32,1,DEPTHWISE_CONV_2D,1064
32,2,CONV_2D,14950
32,3,DEPTHWISE_CONV_2D,1070
32,4,CONV_2D,14950
32,5,DEPTHWISE_CONV_2D,1064
32,6,CONV_2D,14956
32,7,DEPTHWISE_CONV_2D,1063
32,8,CONV_2D,14949
32,9,DEPTHWISE_CONV_2D,1069
32,10,CONV_2D,14956
32,11,MEAN,4254
32,12,FULLY_CONNECTED,21
33,0,CONV_2D,29765
33,1,DEPTHWISE_CONV_2D,1063
33,2,CONV_2D,14955
33,3,DEPTHWISE_CONV_2D,1064
33,4,CONV_2D,14956
33,5,DEPTHWISE_CONV_2D,1069
33,6,CONV_2D,14949
33,7,DEPTHWISE_CONV_2D,1063
33,8,CONV_2D,14956
33,9,DEPTHWISE_CONV_2D,1064
33,10,CONV_2D,14950
33,11,MEAN,4260
33,12,FULLY_CONNECTED,21
34,0,CONV_2D,29765
34,1,DEPTHWISE_CONV_2D,1063
34,2,CONV_2D,14949
34,3,DEPTHWISE_CONV_2D,1068
34,4,CONV_2D,14955
34,5,DEPTHWISE_CONV_2D,1063
34,6,CONV_2D,14955
34,7,DEPTHWISE_CONV_2D,1063
34,8,CONV_2D,14950
34,9,DEPTHWISE_CONV_2D,1064
34,10,CONV_2D,14956
34,11,MEAN,4260
34,12,FULLY_CONNECTED,22
35,0,CONV_2D,29765
35,1,DEPTHWISE_CONV_2D,1064
35,2,CONV_2D,14955
35,3,DEPTHWISE_CONV_2D,1063
35,4,CONV_2D,14949
35,5,DEPTHWISE_CONV_2D,1063
35,6,CONV_2D,14955
35,7,DEPTHWISE_CONV_2D,1064
35,8,CONV_2D,14956
35,9,DEPTHWISE_CONV_2D,1064
35,10,CONV_2D,14950
35,11,MEAN,4265
35,12,FULLY_CONNECTED,21
36,0,CONV_2D,29765
36,1,DEPTHWISE_CONV_2D,1063
36,2,CONV_2D,14950
36,3,DEPTHWISE_CONV_2D,1063
36,4,CONV_2D,14956
36,5,DEPTHWISE_CONV_2D,1064
36,6,CONV_2D,14950
36,7,DEPTHWISE_CONV_2D,1064
36,8,CONV_2D,14955
36,9,DEPTHWISE_CONV_2D,1064
36,10,CONV_2D,14955
36,11,MEAN,4259
36,12,FULLY_CONNECTED,21
37,0,CONV_2D,29765
37,1,DEPTHWISE_CONV_2D,1063
37,2,CONV_2D,14955
37,3,DEPTHWISE_CONV_2D,1063
37,4,CONV_2D,14950
37,5,DEPTHWISE_CONV_2D,1063
37,6,CONV_2D,14956
37,7,DEPTHWISE_CONV_2D,1069
37,8,CONV_2D,14950
37,9,DEPTHWISE_CONV_2D,1063
37,10,CONV_2D,14956
37,11,MEAN,4255
37,12,FULLY_CONNECTED,21
38,0,CONV_2D,29765
38,1,DEPTHWISE_CONV_2D,1063
38,2,CONV_2D,14955
38,3,DEPTHWISE_CONV_2D,1063
38,4,CONV_2D,14955
38,5,DEPTHWISE_CONV_2D,1069
38,6,CONV_2D,54180
38,7,DEPTHWISE_CONV_2D,1064
38,8,CONV_2D,14960
38,9,DEPTHWISE_CONV_2D,1071
38,10,CONV_2D,14949
38,11,MEAN,4267
38,12,FULLY_CONNECTED,22
39,0,CONV_2D,29765
39,1,DEPTHWISE_CONV_2D,1063
39,2,CONV_2D,14950
39,3,DEPTHWISE_CONV_2D,1064
39,4,CONV_2D,14958
39,5,DEPTHWISE_CONV_2D,1063
39,6,CONV_2D,14955
39,7,DEPTHWISE_CONV_2D,1063
39,8,CONV_2D,14950
39,9,DEPTHWISE_CONV_2D,1064
39,10,CONV_2D,14956
39,11,MEAN,4260
39,12,FULLY_CONNECTED,22
40,0,CONV_2D,29765
40,1,DEPTHWISE_CONV_2D,1063
40,2,CONV_2D,14955
40,3,DEPTHWISE_CONV_2D,1063
40,4,CONV_2D,14950
40,5,DEPTHWISE_CONV_2D,1063
40,6,CONV_2D,14956
40,7,DEPTHWISE_CONV_2D,1064
40,8,CONV_2D,14956
40,9,DEPTHWISE_CONV_2D,1069
40,10,CONV_2D,14950
40,11,MEAN,4260
40,12,FULLY_CONNECTED,22
41,0,CONV_2D,29765
41,1,DEPTHWISE_CONV_2D,1064
41,2,CONV_2D,14950
41,3,DEPTHWISE_CONV_2D,1063
41,4,CONV_2D,14955
41,5,DEPTHWISE_CONV_2D,1068
41,6,CONV_2D,14950
41,7,DEPTHWISE_CONV_2D,1063
41,8,CONV_2D,14955
41,9,DEPTHWISE_CONV_2D,1064
41,10,CONV_2D,14955
41,11,MEAN,4254
41,12,FULLY_CONNECTED,21
42,0,CONV_2D,29765
42,1,DEPTHWISE_CONV_2D,1063
42,2,CONV_2D,14955
42,3,DEPTHWISE_CONV_2D,1068
42,4,CONV_2D,14950
42,5,DEPTHWISE_CONV_2D,1063
42,6,CONV_2D,14955
42,7,DEPTHWISE_CONV_2D,1063
42,8,CONV_2D,14950
42,9,DEPTHWISE_CONV_2D,1063
42,10,CONV_2D,14956
42,11,MEAN,4260
42,12,FULLY_CONNECTED,22
43,0,CONV_2D,29765
43,1,DEPTHWISE_CONV_2D,1064
43,2,CONV_2D,14956
43,3,DEPTHWISE_CONV_2D,1064
43,4,CONV_2D,14956
43,5,DEPTHWISE_CONV_2D,1063
43,6,CONV_2D,14950
43,7,DEPTHWISE_CONV_2D,1063
43,8,CONV_2D,14955
43,9,DEPTHWISE_CONV_2D,1063
43,10,CONV_2D,14950
43,11,MEAN,4265
43,12,FULLY_CONNECTED,22
44,0,CONV_2D,29765
44,1,DEPTHWISE_CONV_2D,1063
44,2,CONV_2D,14949
44,3,DEPTHWISE_CONV_2D,1070
44,4,CONV_2D,14950
44,5,DEPTHWISE_CONV_2D,1063
44,6,CONV_2D,14955
44,7,DEPTHWISE_CONV_2D,1063
44,8,CONV_2D,14950
44,9,DEPTHWISE_CONV_2D,1063
44,10,CONV_2D,14956
44,11,MEAN,4260
44,12,FULLY_CONNECTED,22
45,0,CONV_2D,29765
45,1,DEPTHWISE_CONV_2D,1064
45,2,CONV_2D,14955
45,3,DEPTHWISE_CONV_2D,1063
45,4,CONV_2D,14949
45,5,DEPTHWISE_CONV_2D,1069
45,6,CONV_2D,14949
45,7,DEPTHWISE_CONV_2D,1069
45,8,CONV_2D,14955
45,9,DEPTHWISE_CONV_2D,1063
45,10,CONV_2D,14949
45,11,MEAN,4260
45,12,FULLY_CONNECTED,22
46,0,CONV_2D,29765
46,1,DEPTHWISE_CONV_2D,1064
46,2,CONV_2D,14950
46,3,DEPTHWISE_CONV_2D,1064
46,4,CONV_2D,14955
46,5,DEPTHWISE_CONV_2D,1069
46,6,CONV_2D,14950
46,7,DEPTHWISE_CONV_2D,1070
46,8,CONV_2D,14950
46,9,DEPTHWISE_CONV_2D,1063
46,10,CONV_2D,14956
46,11,MEAN,4255
46,12,FULLY_CONNECTED,22
47,0,CONV_2D,29765
47,1,DEPTHWISE_CONV_2D,1069
47,2,CONV_2D,14955
47,3,DEPTHWISE_CONV_2D,1063
47,4,CONV_2D,14949
47,5,DEPTHWISE_CONV_2D,1063
47,6,CONV_2D,14955
47,7,DEPTHWISE_CONV_2D,1064
47,8,CONV_2D,14950
47,9,DEPTHWISE_CONV_2D,1070
47,10,CONV_2D,14950
47,11,MEAN,4259
47,12,FULLY_CONNECTED,22
48,0,CONV_2D,29765
48,1,DEPTHWISE_CONV_2D,1070
48,2,CONV_2D,14950
48,3,DEPTHWISE_CONV_2D,1063
48,4,CONV_2D,14956
48,5,DEPTHWISE_CONV_2D,1063
48,6,CONV_2D,14950
48,7,DEPTHWISE_CONV_2D,1063
48,8,CONV_2D,14955
48,9,DEPTHWISE_CONV_2D,1063
48,10,CONV_2D,14950
48,11,MEAN,4265
48,12,FULLY_CONNECTED,22
49,0,CONV_2D,29765
49,1,DEPTHWISE_CONV_2D,1063
49,2,CONV_2D,14950
49,3,DEPTHWISE_CONV_2D,1070
49,4,CONV_2D,14950
49,5,DEPTHWISE_CONV_2D,1064
49,6,CONV_2D,14955
49,7,DEPTHWISE_CONV_2D,1063
49,8,CONV_2D,14949
49,9,DEPTHWISE_CONV_2D,1068
49,10,CONV_2D,14955
49,11,MEAN,4254
49,12,FULLY_CONNECTED,21
50,0,CONV_2D,29765
50,1,DEPTHWISE_CONV_2D,1063
50,2,CONV_2D,14956
50,3,DEPTHWISE_CONV_2D,1063
50,4,CONV_2D,14950
50,5,DEPTHWISE_CONV_2D,1069
50,6,CONV_2D,14949
50,7,DEPTHWISE_CONV_2D,1068
50,8,CONV_2D,14955
50,9,DEPTHWISE_CONV_2D,1063
50,10,CONV_2D,14950
50,11,MEAN,4260
50,12,FULLY_CONNECTED,22
51,0,CONV_2D,29765
51,1,DEPTHWISE_CONV_2D,1064
51,2,CONV_2D,14950
51,3,DEPTHWISE_CONV_2D,1069
51,4,CONV_2D,14956
51,5,DEPTHWISE_CONV_2D,1064
51,6,CONV_2D,14956
51,7,DEPTHWISE_CONV_2D,1063
51,8,CONV_2D,14950
51,9,DEPTHWISE_CONV_2D,1063
51,10,CONV_2D,14955
51,11,MEAN,4259
51,12,FULLY_CONNECTED,21
52,0,CONV_2D,29765
52,1,DEPTHWISE_CONV_2D,1063
52,2,CONV_2D,14956
52,3,DEPTHWISE_CONV_2D,1064
52,4,CONV_2D,14950
52,5,DEPTHWISE_CONV_2D,1064
52,6,CONV_2D,14955
52,7,DEPTHWISE_CONV_2D,1064
52,8,CONV_2D,14955
52,9,DEPTHWISE_CONV_2D,1063
52,10,CONV_2D,14949
52,11,MEAN,4265
52,12,FULLY_CONNECTED,22
53,0,CONV_2D,29765
53,1,DEPTHWISE_CONV_2D,1064
53,2,CONV_2D,14950
53,3,DEPTHWISE_CONV_2D,1064
53,4,CONV_2D,14956
53,5,DEPTHWISE_CONV_2D,1063
53,6,CONV_2D,14950
53,7,DEPTHWISE_CONV_2D,1063
53,8,CONV_2D,14955
53,9,DEPTHWISE_CONV_2D,1063
53,10,CONV_2D,14955
53,11,MEAN,4259
53,12,FULLY_CONNECTED,22
54,0,CONV_2D,29765
54,1,DEPTHWISE_CONV_2D,1064
54,2,CONV_2D,14955
54,3,DEPTHWISE_CONV_2D,1064
54,4,CONV_2D,14950
54,5,DEPTHWISE_CONV_2D,1064
54,6,CONV_2D,14955
54,7,DEPTHWISE_CONV_2D,1068
54,8,CONV_2D,14950
54,9,DEPTHWISE_CONV_2D,1063
54,10,CONV_2D,14956
54,11,MEAN,4255
54,12,FULLY_CONNECTED,22
55,0,CONV_2D,29765
55,1,DEPTHWISE_CONV_2D,1063
55,2,CONV_2D,14955
55,3,DEPTHWISE_CONV_2D,1063
55,4,CONV_2D,14955
55,5,DEPTHWISE_CONV_2D,1069
55,6,CONV_2D,14949
55,7,DEPTHWISE_CONV_2D,1063
55,8,CONV_2D,14956
55,9,DEPTHWISE_CONV_2D,1064
55,10,CONV_2D,14950
55,11,MEAN,4260
55,12,FULLY_CONNECTED,21
56,0,CONV_2D,29765
56,1,DEPTHWISE_CONV_2D,1069
56,2,CONV_2D,14950
56,3,DEPTHWISE_CONV_2D,1064
56,4,CONV_2D,14956
56,5,DEPTHWISE_CONV_2D,1064
56,6,CONV_2D,14956
56,7,DEPTHWISE_CONV_2D,1065
56,8,CONV_2D,14949
56,9,DEPTHWISE_CONV_2D,1063
56,10,CONV_2D,14955
56,11,MEAN,4260
56,12,FULLY_CONNECTED,21
57,0,CONV_2D,29772
57,1,DEPTHWISE_CONV_2D,1063
57,2,CONV_2D,14955
57,3,DEPTHWISE_CONV_2D,1063
57,4,CONV_2D,14950
57,5,DEPTHWISE_CONV_2D,1069
57,6,CONV_2D,14949
57,7,DEPTHWISE_CONV_2D,1063
57,8,CONV_2D,14956
57,9,DEPTHWISE_CONV_2D,1064
57,10,CONV_2D,14956
57,11,MEAN,4266
57,12,FULLY_CONNECTED,22
58,0,CONV_2D,29765
58,1,DEPTHWISE_CONV_2D,1063
58,2,CONV_2D,14950
58,3,DEPTHWISE_CONV_2D,1063
58,4,CONV_2D,14955
58,5,DEPTHWISE_CONV_2D,1064
58,6,CONV_2D,14950
58,7,DEPTHWISE_CONV_2D,1070
58,8,CONV_2D,14953
58,9,DEPTHWISE_CONV_2D,1069
58,10,CONV_2D,14956
58,11,MEAN,4255
58,12,FULLY_CONNECTED,22
59,0,CONV_2D,29766
59,1,DEPTHWISE_CONV_2D,1064
59,2,CONV_2D,14955
59,3,DEPTHWISE_CONV_2D,1063
59,4,CONV_2D,14949
59,5,DEPTHWISE_CONV_2D,1063
59,6,CONV_2D,14956
59,7,DEPTHWISE_CONV_2D,1069
59,8,CONV_2D,14949
59,9,DEPTHWISE_CONV_2D,1069
59,10,CONV_2D,14951
59,11,MEAN,4254
59,12,FULLY_CONNECTED,22
60,0,CONV_2D,29765
60,1,DEPTHWISE_CONV_2D,1070
60,2,CONV_2D,14950
60,3,DEPTHWISE_CONV_2D,1069
60,4,CONV_2D,14956
60,5,DEPTHWISE_CONV_2D,1064
60,6,CONV_2D,14950
60,7,DEPTHWISE_CONV_2D,1064
60,8,CONV_2D,14957
60,9,DEPTHWISE_CONV_2D,1063
60,10,CONV_2D,14950
60,11,MEAN,4265
60,12,FULLY_CONNECTED,22
61,0,CONV_2D,29768
61,1,DEPTHWISE_CONV_2D,1063
61,2,CONV_2D,14950
61,3,DEPTHWISE_CONV_2D,1070
61,4,CONV_2D,14950
61,5,DEPTHWISE_CONV_2D,1064
61,6,CONV_2D,14955
61,7,DEPTHWISE_CONV_2D,1063
61,8,CONV_2D,14949
61,9,DEPTHWISE_CONV_2D,1063
61,10,CONV_2D,14957
61,11,MEAN,4261
61,12,FULLY_CONNECTED,25
62,0,CONV_2D,29766
62,1,DEPTHWISE_CONV_2D,1064
62,2,CONV_2D,14955
62,3,DEPTHWISE_CONV_2D,1063
62,4,CONV_2D,14949
62,5,DEPTHWISE_CONV_2D,1069
62,6,CONV_2D,14949
62,7,DEPTHWISE_CONV_2D,1063
62,8,CONV_2D,14956
62,9,DEPTHWISE_CONV_2D,1069
62,10,CONV_2D,14952
62,11,MEAN,4269
62,12,FULLY_CONNECTED,23
63,0,CONV_2D,29765
63,1,DEPTHWISE_CONV_2D,1068
63,2,CONV_2D,14951
63,3,DEPTHWISE_CONV_2D,1063
63,4,CONV_2D,14955
63,5,DEPTHWISE_CONV_2D,1063
63,6,CONV_2D,14950
63,7,DEPTHWISE_CONV_2D,1075
63,8,CONV_2D,14945
63,9,DEPTHWISE_CONV_2D,1070
63,10,CONV_2D,14956
63,11,MEAN,4254
63,12,FULLY_CONNECTED,21
64,0,CONV_2D,29766
64,1,DEPTHWISE_CONV_2D,1064
64,2,CONV_2D,14958
64,3,DEPTHWISE_CONV_2D,1065
64,4,CONV_2D,14950
64,5,DEPTHWISE_CONV_2D,1070
64,6,CONV_2D,14955
64,7,DEPTHWISE_CONV_2D,1064
64,8,CONV_2D,14956
64,9,DEPTHWISE_CONV_2D,1064
64,10,CONV_2D,14951
64,11,MEAN,4260
64,12,FULLY_CONNECTED,22
65,0,CONV_2D,29765
65,1,DEPTHWISE_CONV_2D,1069
65,2,CONV_2D,14951
65,3,DEPTHWISE_CONV_2D,1063
65,4,CONV_2D,14956
65,5,DEPTHWISE_CONV_2D,1064
65,6,CONV_2D,14950
65,7,DEPTHWISE_CONV_2D,1063
65,8,CONV_2D,14955
65,9,DEPTHWISE_CONV_2D,1063
65,10,CONV_2D,14955
65,11,MEAN,4260
65,12,FULLY_CONNECTED,21
66,0,CONV_2D,29765
66,1,DEPTHWISE_CONV_2D,1063
66,2,CONV_2D,14955
66,3,DEPTHWISE_CONV_2D,1063
66,4,CONV_2D,14950
66,5,DEPTHWISE_CONV_2D,1064
66,6,CONV_2D,14956
66,7,DEPTHWISE_CONV_2D,1063
66,8,CONV_2D,14952
66,9,DEPTHWISE_CONV_2D,1064
66,10,CONV_2D,14956
66,11,MEAN,4260
66,12,FULLY_CONNECTED,22
67,0,CONV_2D,29765
67,1,DEPTHWISE_CONV_2D,1064
67,2,CONV_2D,14955
67,3,DEPTHWISE_CONV_2D,1064
67,4,CONV_2D,14955
67,5,DEPTHWISE_CONV_2D,1063
67,6,CONV_2D,14949
67,7,DEPTHWISE_CONV_2D,1064
67,8,CONV_2D,14955
67,9,DEPTHWISE_CONV_2D,1069
67,10,CONV_2D,14950
67,11,MEAN,4261
67,12,FULLY_CONNECTED,22
68,0,CONV_2D,29765
68,1,DEPTHWISE_CONV_2D,1063
68,2,CONV_2D,14950
68,3,DEPTHWISE_CONV_2D,1063
68,4,CONV_2D,14959
68,5,DEPTHWISE_CONV_2D,1064
68,6,CONV_2D,14956
68,7,DEPTHWISE_CONV_2D,1069
68,8,CONV_2D,14952
68,9,DEPTHWISE_CONV_2D,1063
68,10,CONV_2D,14956
68,11,MEAN,4255
68,12,FULLY_CONNECTED,22
69,0,CONV_2D,29765
69,1,DEPTHWISE_CONV_2D,1063
69,2,CONV_2D,14956
69,3,DEPTHWISE_CONV_2D,1068
69,4,CONV_2D,14950
69,5,DEPTHWISE_CONV_2D,1063
69,6,CONV_2D,14955
69,7,DEPTHWISE_CONV_2D,1063
69,8,CONV_2D,14955
69,9,DEPTHWISE_CONV_2D,1063
69,10,CONV_2D,14950
69,11,MEAN,4265
69,12,FULLY_CONNECTED,22
70,0,CONV_2D,29760
70,1,DEPTHWISE_CONV_2D,1069
70,2,CONV_2D,14951
70,3,DEPTHWISE_CONV_2D,1063
70,4,CONV_2D,14956
70,5,DEPTHWISE_CONV_2D,1064
70,6,CONV_2D,14950
70,7,DEPTHWISE_CONV_2D,1070
70,8,CONV_2D,14950
70,9,DEPTHWISE_CONV_2D,1064
70,10,CONV_2D,14956
70,11,MEAN,4260
70,12,FULLY_CONNECTED,22
71,0,CONV_2D,29765
71,1,DEPTHWISE_CONV_2D,1063
71,2,CONV_2D,14955
71,3,DEPTHWISE_CONV_2D,1063
71,4,CONV_2D,14950
71,5,DEPTHWISE_CONV_2D,1063
71,6,CONV_2D,14956
71,7,DEPTHWISE_CONV_2D,1063
71,8,CONV_2D,14950
71,9,DEPTHWISE_CONV_2D,1070
71,10,CONV_2D,14950
71,11,MEAN,4260
71,12,FULLY_CONNECTED,22
72,0,CONV_2D,29765
72,1,DEPTHWISE_CONV_2D,1070
72,2,CONV_2D,14950
72,3,DEPTHWISE_CONV_2D,1063
72,4,CONV_2D,14956
72,5,DEPTHWISE_CONV_2D,1063
72,6,CONV_2D,14950
72,7,DEPTHWISE_CONV_2D,1063
72,8,CONV_2D,14955
72,9,DEPTHWISE_CONV_2D,1068
72,10,CONV_2D,14950
72,11,MEAN,4260
72,12,FULLY_CONNECTED,21
73,0,CONV_2D,29766
73,1,DEPTHWISE_CONV_2D,1063
73,2,CONV_2D,14949
73,3,DEPTHWISE_CONV_2D,1069
73,4,CONV_2D,14950
73,5,DEPTHWISE_CONV_2D,1069
73,6,CONV_2D,14956
73,7,DEPTHWISE_CONV_2D,1063
73,8,CONV_2D,14950
73,9,DEPTHWISE_CONV_2D,1063
73,10,CONV_2D,14955
73,11,MEAN,4254
73,12,FULLY_CONNECTED,22
74,0,CONV_2D,29765
74,1,DEPTHWISE_CONV_2D,1069
74,2,CONV_2D,14955
74,3,DEPTHWISE_CONV_2D,1064
74,4,CONV_2D,14950
74,5,DEPTHWISE_CONV_2D,1070
74,6,CONV_2D,14950
74,7,DEPTHWISE_CONV_2D,1063
74,8,CONV_2D,14956
74,9,DEPTHWISE_CONV_2D,1064
74,10,CONV_2D,14950
74,11,MEAN,4265
74,12,FULLY_CONNECTED,21
75,0,CONV_2D,29765
75,1,DEPTHWISE_CONV_2D,1065
75,2,CONV_2D,14950
75,3,DEPTHWISE_CONV_2D,1064
75,4,CONV_2D,14956
75,5,DEPTHWISE_CONV_2D,1063
75,6,CONV_2D,14949
75,7,DEPTHWISE_CONV_2D,1069
75,8,CONV_2D,14949
75,9,DEPTHWISE_CONV_2D,1063
75,10,CONV_2D,14956
75,11,MEAN,4260
75,12,FULLY_CONNECTED,21
76,0,CONV_2D,29765
76,1,DEPTHWISE_CONV_2D,1063
76,2,CONV_2D,14956
76,3,DEPTHWISE_CONV_2D,1063
76,4,CONV_2D,14951
76,5,DEPTHWISE_CONV_2D,1063
76,6,CONV_2D,14956
76,7,DEPTHWISE_CONV_2D,1064
76,8,CONV_2D,14950
76,9,DEPTHWISE_CONV_2D,1075
76,10,CONV_2D,14945
76,11,MEAN,4265
76,12,FULLY_CONNECTED,22
77,0,CONV_2D,29765
77,1,DEPTHWISE_CONV_2D,1064
77,2,CONV_2D,14950
77,3,DEPTHWISE_CONV_2D,1063
77,4,CONV_2D,14955
77,5,DEPTHWISE_CONV_2D,1065
77,6,CONV_2D,14950
77,7,DEPTHWISE_CONV_2D,1069
77,8,CONV_2D,14955
77,9,DEPTHWISE_CONV_2D,1064
77,10,CONV_2D,14956
77,11,MEAN,4254
77,12,FULLY_CONNECTED,21
78,0,CONV_2D,29765
78,1,DEPTHWISE_CONV_2D,1064
78,2,CONV_2D,14955
78,3,DEPTHWISE_CONV_2D,1069
78,4,CONV_2D,14950
78,5,DEPTHWISE_CONV_2D,1067
78,6,CONV_2D,14957
78,7,DEPTHWISE_CONV_2D,1064
78,8,CONV_2D,14950
78,9,DEPTHWISE_CONV_2D,1064
78,10,CONV_2D,14955
78,11,MEAN,4260
78,12,FULLY_CONNECTED,22
79,0,CONV_2D,29760
79,1,DEPTHWISE_CONV_2D,1069
79,2,CONV_2D,14959
79,3,DEPTHWISE_CONV_2D,1064
79,4,CONV_2D,14955
79,5,DEPTHWISE_CONV_2D,1063
79,6,CONV_2D,14951
79,7,DEPTHWISE_CONV_2D,1063
79,8,CONV_2D,14956
79,9,DEPTHWISE_CONV_2D,1064
79,10,CONV_2D,14950
79,11,MEAN,4266
79,12,FULLY_CONNECTED,21
80,0,CONV_2D,29765
80,1,DEPTHWISE_CONV_2D,1063
80,2,CONV_2D,14951
80,3,DEPTHWISE_CONV_2D,1063
80,4,CONV_2D,14955
80,5,DEPTHWISE_CONV_2D,1064
80,6,CONV_2D,14956
80,7,DEPTHWISE_CONV_2D,1064
80,8,CONV_2D,14950
80,9,DEPTHWISE_CONV_2D,1064
80,10,CONV_2D,14955
80,11,MEAN,4260
80,12,FULLY_CONNECTED,22
81,0,CONV_2D,29765
81,1,DEPTHWISE_CONV_2D,1063
81,2,CONV_2D,14955
81,3,DEPTHWISE_CONV_2D,1063
81,4,CONV_2D,14950
81,5,DEPTHWISE_CONV_2D,1064
81,6,CONV_2D,14956
81,7,DEPTHWISE_CONV_2D,1064
81,8,CONV_2D,14956
81,9,DEPTHWISE_CONV_2D,1069
81,10,CONV_2D,14950
81,11,MEAN,4261
81,12,FULLY_CONNECTED,22
82,0,CONV_2D,68978
82,1,DEPTHWISE_CONV_2D,1069
82,2,CONV_2D,14954
82,3,DEPTHWISE_CONV_2D,1073
82,4,CONV_2D,14955
82,5,DEPTHWISE_CONV_2D,1063
82,6,CONV_2D,14952
82,7,DEPTHWISE_CONV_2D,1064
82,8,CONV_2D,14955
82,9,DEPTHWISE_CONV_2D,1063
82,10,CONV_2D,14955
82,11,MEAN,4262
82,12,FULLY_CONNECTED,22
83,0,CONV_2D,29765
83,1,DEPTHWISE_CONV_2D,1063
83,2,CONV_2D,14955
83,3,DEPTHWISE_CONV_2D,1064
83,4,CONV_2D,14950
83,5,DEPTHWISE_CONV_2D,1063
83,6,CONV_2D,14956
83,7,DEPTHWISE_CONV_2D,1063
83,8,CONV_2D,14950
83,9,DEPTHWISE_CONV_2D,1063
83,10,CONV_2D,14957
83,11,MEAN,4260
83,12,FULLY_CONNECTED,22
84,0,CONV_2D,29765
84,1,DEPTHWISE_CONV_2D,1063
84,2,CONV_2D,14955
84,3,DEPTHWISE_CONV_2D,1063
84,4,CONV_2D,14955
84,5,DEPTHWISE_CONV_2D,1063
84,6,CONV_2D,14953
84,7,DEPTHWISE_CONV_2D,1063
84,8,CONV_2D,14955
84,9,DEPTHWISE_CONV_2D,1069
84,10,CONV_2D,14944
84,11,MEAN,4265
84,12,FULLY_CONNECTED,22
85,0,CONV_2D,29765
85,1,DEPTHWISE_CONV_2D,1064
85,2,CONV_2D,14950
85,3,DEPTHWISE_CONV_2D,1064
85,4,CONV_2D,14957
85,5,DEPTHWISE_CONV_2D,1064
85,6,CONV_2D,14956
85,7,DEPTHWISE_CONV_2D,1072
85,8,CONV_2D,14950
85,9,DEPTHWISE_CONV_2D,1064
85,10,CONV_2D,14956
85,11,MEAN,4255
85,12,FULLY_CONNECTED,21
86,0,CONV_2D,29765
86,1,DEPTHWISE_CONV_2D,1063
86,2,CONV_2D,14955
86,3,DEPTHWISE_CONV_2D,1068
86,4,CONV_2D,14950
86,5,DEPTHWISE_CONV_2D,1064
86,6,CONV_2D,14956
86,7,DEPTHWISE_CONV_2D,1066
86,8,CONV_2D,14958
86,9,DEPTHWISE_CONV_2D,1064
86,10,CONV_2D,14950
86,11,MEAN,4265
86,12,FULLY_CONNECTED,21
87,0,CONV_2D,29760
87,1,DEPTHWISE_CONV_2D,1069
87,2,CONV_2D,14950
87,3,DEPTHWISE_CONV_2D,1063
87,4,CONV_2D,14955
87,5,DEPTHWISE_CONV_2D,1063
87,6,CONV_2D,14949
87,7,DEPTHWISE_CONV_2D,1063
87,8,CONV_2D,14956
87,9,DEPTHWISE_CONV_2D,1064
87,10,CONV_2D,14955
87,11,MEAN,4260
87,12,FULLY_CONNECTED,22
88,0,CONV_2D,29764
88,1,DEPTHWISE_CONV_2D,1063
88,2,CONV_2D,14955
88,3,DEPTHWISE_CONV_2D,1063
88,4,CONV_2D,14950
88,5,DEPTHWISE_CONV_2D,1067
88,6,CONV_2D,14955
88,7,DEPTHWISE_CONV_2D,1063
88,8,CONV_2D,14951
88,9,DEPTHWISE_CONV_2D,1069
88,10,CONV_2D,14949
88,11,MEAN,4259
88,12,FULLY_CONNECTED,21
89,0,CONV_2D,29765
89,1,DEPTHWISE_CONV_2D,1069
89,2,CONV_2D,14949
89,3,DEPTHWISE_CONV_2D,1063
89,4,CONV_2D,14955
89,5,DEPTHWISE_CONV_2D,1064
89,6,CONV_2D,14950
89,7,DEPTHWISE_CONV_2D,1064
89,8,CONV_2D,14955
89,9,DEPTHWISE_CONV_2D,1068
89,10,CONV_2D,14950
89,11,MEAN,4260
89,12,FULLY_CONNECTED,21
90,0,CONV_2D,29765
90,1,DEPTHWISE_CONV_2D,1063
90,2,CONV_2D,14950
90,3,DEPTHWISE_CONV_2D,1069
90,4,CONV_2D,14949
90,5,DEPTHWISE_CONV_2D,1070
90,6,CONV_2D,14955
90,7,DEPTHWISE_CONV_2D,1064
90,8,CONV_2D,14951
90,9,DEPTHWISE_CONV_2D,1064
90,10,CONV_2D,14956
90,11,MEAN,4254
90,12,FULLY_CONNECTED,21
91,0,CONV_2D,29765
91,1,DEPTHWISE_CONV_2D,1069
91,2,CONV_2D,14950
91,3,DEPTHWISE_CONV_2D,1068
91,4,CONV_2D,14950
91,5,DEPTHWISE_CONV_2D,1070
91,6,CONV_2D,14951
91,7,DEPTHWISE_CONV_2D,1063
91,8,CONV_2D,14958
91,9,DEPTHWISE_CONV_2D,1063
91,10,CONV_2D,14949
91,11,MEAN,4265
91,12,FULLY_CONNECTED,22
92,0,CONV_2D,29765
92,1,DEPTHWISE_CONV_2D,1064
92,2,CONV_2D,14950
92,3,DEPTHWISE_CONV_2D,1064
92,4,CONV_2D,14955
92,5,DEPTHWISE_CONV_2D,1063
92,6,CONV_2D,14949
92,7,DEPTHWISE_CONV_2D,1069
92,8,CONV_2D,14950
92,9,DEPTHWISE_CONV_2D,1063
92,10,CONV_2D,14956
92,11,MEAN,4260
92,12,FULLY_CONNECTED,22
93,0,CONV_2D,29765
93,1,DEPTHWISE_CONV_2D,1064
93,2,CONV_2D,14955
93,3,DEPTHWISE_CONV_2D,1063
93,4,CONV_2D,14949
93,5,DEPTHWISE_CONV_2D,1063
93,6,CONV_2D,14956
93,7,DEPTHWISE_CONV_2D,1064
93,8,CONV_2D,14950
93,9,DEPTHWISE_CONV_2D,1075
93,10,CONV_2D,14951
93,11,MEAN,4266
93,12,FULLY_CONNECTED,21
94,0,CONV_2D,29759
94,1,DEPTHWISE_CONV_2D,1070
94,2,CONV_2D,14950
94,3,DEPTHWISE_CONV_2D,1064
94,4,CONV_2D,14955
94,5,DEPTHWISE_CONV_2D,1063
94,6,CONV_2D,14950
94,7,DEPTHWISE_CONV_2D,1070
94,8,CONV_2D,14956
94,9,DEPTHWISE_CONV_2D,1064
94,10,CONV_2D,14952
94,11,MEAN,4254
94,12,FULLY_CONNECTED,21
95,0,CONV_2D,29765
95,1,DEPTHWISE_CONV_2D,1063
95,2,CONV_2D,14955
95,3,DEPTHWISE_CONV_2D,1068
95,4,CONV_2D,14949
95,5,DEPTHWISE_CONV_2D,1063
95,6,CONV_2D,14955
95,7,DEPTHWISE_CONV_2D,1064
95,8,CONV_2D,14950
95,9,DEPTHWISE_CONV_2D,1064
95,10,CONV_2D,14958
95,11,MEAN,4254
95,12,FULLY_CONNECTED,21
96,0,CONV_2D,29769
96,1,DEPTHWISE_CONV_2D,1068
96,2,CONV_2D,14955
96,3,DEPTHWISE_CONV_2D,1063
96,4,CONV_2D,14955
96,5,DEPTHWISE_CONV_2D,1063
96,6,CONV_2D,14950
96,7,DEPTHWISE_CONV_2D,1063
96,8,CONV_2D,14956
96,9,DEPTHWISE_CONV_2D,1064
96,10,CONV_2D,14953
96,11,MEAN,4265
96,12,FULLY_CONNECTED,22
97,0,CONV_2D,29772
97,1,DEPTHWISE_CONV_2D,1063
97,2,CONV_2D,14949
97,3,DEPTHWISE_CONV_2D,1063
97,4,CONV_2D,14956
97,5,DEPTHWISE_CONV_2D,1064
97,6,CONV_2D,14956
97,7,DEPTHWISE_CONV_2D,1064
97,8,CONV_2D,14950
97,9,DEPTHWISE_CONV_2D,1063
97,10,CONV_2D,14963
97,11,MEAN,4260
97,12,FULLY_CONNECTED,22
98,0,CONV_2D,29774
98,1,DEPTHWISE_CONV_2D,1063
98,2,CONV_2D,14956
98,3,DEPTHWISE_CONV_2D,1064
98,4,CONV_2D,14950
98,5,DEPTHWISE_CONV_2D,1063
98,6,CONV_2D,14955
98,7,DEPTHWISE_CONV_2D,1063
98,8,CONV_2D,14955
98,9,DEPTHWISE_CONV_2D,1068
98,10,CONV_2D,14960
98,11,MEAN,4261
98,12,FULLY_CONNECTED,22
99,0,CONV_2D,29775
99,1,DEPTHWISE_CONV_2D,1063
99,2,CONV_2D,14950
99,3,DEPTHWISE_CONV_2D,1063
99,4,CONV_2D,14956
99,5,DEPTHWISE_CONV_2D,1069
99,6,CONV_2D,14950
99,7,DEPTHWISE_CONV_2D,1064
99,8,CONV_2D,14956
99,9,DEPTHWISE_CONV_2D,1064
99,10,CONV_2D,14968
99,11,MEAN,4255
99,12,FULLY_CONNECTED,21
